<?xml version="1.0" encoding="UTF-8"?>
<project-private xmlns="http://www.netbeans.org/ns/project-private/1">
    <editor-bookmarks xmlns="http://www.netbeans.org/ns/editor-bookmarks/2" lastBookmarkId="0"/>
    <open-files xmlns="http://www.netbeans.org/ns/projectui-open-files/2">
        <group>
            <file>file:/C:/Users/Bhavika%20kaura/Documents/NetBeansProjects/Electricitybill/src/electricitybill/new_customer.java</file>
            <file>file:/C:/Users/Bhavika%20kaura/Documents/NetBeansProjects/Electricitybill/src/electricitybill/Login.java</file>
            <file>file:/C:/Users/Bhavika%20kaura/Documents/NetBeansProjects/Electricitybill/src/electricitybill/Project.java</file>
            <file>file:/C:/Users/Bhavika%20kaura/Documents/NetBeansProjects/Electricitybill/src/electricitybill/LastBill.java</file>
            <file>file:/C:/Users/Bhavika%20kaura/Documents/NetBeansProjects/Electricitybill/src/electricitybill/customer_details.java</file>
            <file>file:/C:/Users/Bhavika%20kaura/Documents/NetBeansProjects/Electricitybill/src/electricitybill/generate_bill.java</file>
            <file>file:/C:/Users/Bhavika%20kaura/Documents/NetBeansProjects/Electricitybill/src/electricitybill/RegistrationForm.java</file>
            <file>file:/C:/Users/Bhavika%20kaura/Documents/NetBeansProjects/Electricitybill/src/electricitybill/conn.java</file>
            <file>file:/C:/Users/Bhavika%20kaura/Documents/NetBeansProjects/Electricitybill/src/electricitybill/Electricitybill.java</file>
            <file>file:/C:/Users/Bhavika%20kaura/Documents/NetBeansProjects/Electricitybill/src/electricitybill/pay_bill.java</file>
            <file>file:/C:/Users/Bhavika%20kaura/Documents/NetBeansProjects/Electricitybill/src/electricitybill/calculate_bill.java</file>
            <file>file:/C:/Users/Bhavika%20kaura/Documents/NetBeansProjects/Electricitybill/src/electricitybill/splash.java</file>
        </group>
    </open-files>
</project-private>
